課次標籤,成語,注音,注音1,注音2,注音3,注音4,拼音,解釋,白話解釋,例句1,例句2,例句3,出處,近義詞,反義詞,易錯提醒
高年級成語（一）,巧奪天工,ㄑㄧㄠˇ ㄉㄨㄛˊ ㄊㄧㄢ ㄍㄨㄥ,ㄑㄧㄠˇ,ㄉㄨㄛˊ,ㄊㄧㄢ,ㄍㄨㄥ,qiǎo duó tiān gōng,人工製作的精巧程度，勝過了大自然的造化。用來形容技藝十分高超巧妙，作品精美得令人讚嘆。,人做出來的東西，比老天爺造的還要精緻漂亮。,故宮的翠玉白菜雕工巧奪天工，連葉尖上的螽斯都栩栩如生。,這座廟宇的樑柱木雕巧奪天工，每一刀都看得出老師傅的功力。,姊姊摺的紙鶴巧奪天工，同學都以為是店裡買來的。,元・趙孟頫〈贈放煙火者〉：「人間巧藝奪天工，煉藥燃燈清晝同。」,鬼斧神工、匠心獨運、精雕細琢,粗製濫造、草草了事,「巧奪天工」形容的是「人做出來」的作品；如果要形容天然形成的景觀（例如野柳女王頭），一般會用「鬼斧神工」。
高年級成語（二）,屈指可數,ㄑㄩ ㄓˇ ㄎㄜˇ ㄕㄨˇ,ㄑㄩ,ㄓˇ,ㄎㄜˇ,ㄕㄨˇ,qū zhǐ kě shǔ,彎起手指頭就能數得完。形容數量非常稀少，少到一隻手就數得過來。,扳著手指頭就數完了，表示東西或人真的很少。,這種罕見的候鳥全臺灣屈指可數，能親眼看到算是很幸運。,班上能把整首詩一字不漏背完的同學屈指可數，小美就是其中一個。,老街上還在用手工做傳統糕餅的店家，如今已經屈指可數了。,宋・歐陽修〈唐安公美政頌〉：「今文儒之盛，其書屈指可數者，無三四人。」,寥寥無幾、鳳毛麟角、寥若晨星,不計其數、多如牛毛,「數」在這裡讀ㄕㄨˇ（計算），不讀ㄕㄨˋ。另外它是形容「數量很少」，不是稱讚人厲害；要說名次在最前面，得用「數一數二」。
高年級成語（三）,拱手讓人,ㄍㄨㄥˇ ㄕㄡˇ ㄖㄤˋ ㄖㄣˊ,ㄍㄨㄥˇ,ㄕㄡˇ,ㄖㄤˋ,ㄖㄣˊ,gǒng shǒu ràng rén,平白把原本屬於自己的東西、機會或地位讓給別人。像拱手行禮那樣輕易就交了出去，常帶著「不該就這樣放棄」的惋惜語氣。,連爭都沒爭，就把自己的東西雙手送給別人了。,這場比賽我們原本一路領先，最後卻因為鬆懈而把冠軍拱手讓人。,老師說機會要自己把握，不能因為怕麻煩就拱手讓人。,那塊空地本來說好給我們班當菜圃，結果沒人去登記，就這樣拱手讓人了。,《清續文獻通考・卷三八〇・實業考三・農務》：「自然之利，豈容拱手讓人。」,拱手相讓、雙手奉送、不戰而退,當仁不讓、據理力爭、寸步不讓,「拱」不要寫成「供」，拱手是雙手抱拳行禮的動作。另外這句話帶有惋惜、覺得不該放棄的語氣，不是稱讚人謙虛有禮；要誇人懂得禮貌退讓，該用「謙讓」或「禮讓」。
高年級成語（四）,以偏概全,ㄧˇ ㄆㄧㄢ ㄍㄞˋ ㄑㄩㄢˊ,ㄧˇ,ㄆㄧㄢ,ㄍㄞˋ,ㄑㄩㄢˊ,yǐ piān gài quán,只拿少數幾個例子或片面的情形，就斷定整體都是這樣。,看到一兩個例子，就認定全部都一樣。,班上有兩個同學遲到，就說全班都不守時，這是以偏概全。,只吃過一次就說這家店難吃，未免太以偏概全了。,做調查要多問幾個人，才不會以偏概全。,,一葉障目、管中窺豹、一概而論,面面俱到、實事求是,「概」是概括的意思，不要寫成「蓋」。這個詞帶有批評的意味，是指出對方想得不夠周全，不是中性的描述。
高年級成語（五）,瓜熟蒂落,ㄍㄨㄚ ㄕㄡˊ ㄉㄧˋ ㄌㄨㄛˋ,ㄍㄨㄚ,ㄕㄡˊ,ㄉㄧˋ,ㄌㄨㄛˋ,guā shóu dì luò,瓜成熟了，瓜蒂自然就會脫落。比喻時機一到，事情自然會成功，不必勉強。,時候到了，事情自然就成了，不用硬來。,練習了一整年，這次比賽拿下冠軍可說是瓜熟蒂落。,老師說學問要慢慢累積，等到瓜熟蒂落的那天自然就懂了。,這件事再等一等，時機到了自然瓜熟蒂落，急也沒有用。,南朝梁・張纘〈瓜賦〉（據《藝文類聚・卷八七・菓部下・瓜》引）：「潛湫獨熟，墮莖落蔕。」,水到渠成、順理成章,揠苗助長、操之過急,「蒂」是瓜果連著莖的那一小截，不要寫成「帝」。另外教育部標的讀音是「ㄕㄡˊ」，不是「ㄕㄨˊ」。
高年級成語（六）,潛移默化,ㄑㄧㄢˊ ㄧˊ ㄇㄛˋ ㄏㄨㄚˋ,ㄑㄧㄢˊ,ㄧˊ,ㄇㄛˋ,ㄏㄨㄚˋ,qián yí mò huà,人的思想、性格或習慣，在不知不覺之中受到影響而慢慢改變。,天天看、天天聽，不知不覺就變得跟他們一樣了。,爸爸每天讀書，弟弟也在潛移默化中養成了閱讀的習慣。,好的班風會潛移默化，讓每個同學都變得更有禮貌。,老師的身教往往比說教更能潛移默化。,語本北齊・顏之推《顏氏家訓・慕賢》：「潛移暗化，自然似之。」,耳濡目染、近朱者赤,無動於衷、我行我素,是「潛」不是「淺」——潛是暗中悄悄地，跟深淺無關。這個詞多用在好的影響，而且強調「慢慢地、不知不覺」，不能拿來形容突然的改變。
高年級成語（七）,勾心鬥角,ㄍㄡ ㄒㄧㄣ ㄉㄡˋ ㄐㄧㄠˇ,ㄍㄡ,ㄒㄧㄣ,ㄉㄡˋ,ㄐㄧㄠˇ,gōu xīn dòu jiǎo,原本形容宮殿建築的結構彼此交錯緊密，後來用來比喻人各自耍心機、互相算計爭鬥。,表面上客客氣氣，私底下各自耍心機、互相較勁。,同學之間應該互相幫忙，不要為了名次勾心鬥角。,那部戲演的是幾個大家族勾心鬥角的故事。,合作最怕的就是大家各懷鬼胎、勾心鬥角。,語出唐・杜牧〈阿房宮賦〉：「各抱地勢，鉤心鬥角。」,明爭暗鬥、爾虞我詐、各懷鬼胎,同心協力、肝膽相照、開誠布公,教育部《成語典》的正文寫作「鉤心鬥角」，「勾心鬥角」是又作，兩種都通。「角」在這裡唸ㄐㄧㄠˇ，指屋角，不唸ㄐㄩㄝˊ。
高年級成語（八）,腰纏萬貫,ㄧㄠ ㄔㄢˊ ㄨㄢˋ ㄍㄨㄢˋ,ㄧㄠ,ㄔㄢˊ,ㄨㄢˋ,ㄍㄨㄢˋ,yāo chán wàn guàn,腰上纏著上萬串錢，形容一個人非常有錢、財富極多。,身上帶著花不完的錢，就是很有錢的意思。,故事裡那個腰纏萬貫的富翁，最後才明白錢買不到快樂。,他雖然腰纏萬貫，生活卻十分簡樸。,與其羨慕別人腰纏萬貫，不如踏實地做好自己的事。,典出南朝梁・殷芸《小說・卷六・吳蜀人》：「腰纏十萬貫，騎鶴上揚州。」,富可敵國、家財萬貫,一貧如洗、家徒四壁、身無分文,「貫」是古代把錢串起來的單位，一千錢為一貫，所以「萬貫」是非常大的一筆錢。這個詞單純形容有錢，本身沒有褒貶。
高年級成語（九）,作繭自縛,ㄗㄨㄛˋ ㄐㄧㄢˇ ㄗˋ ㄈㄨˊ,ㄗㄨㄛˋ,ㄐㄧㄢˇ,ㄗˋ,ㄈㄨˊ,zuò jiǎn zì fú,蠶吐絲結繭，反而把自己包在裡面出不來。比喻做了某件事，結果反而讓自己陷入困境。,自己做的事，最後困住的卻是自己。,他為了圓一個謊，只好再說更多謊，簡直是作繭自縛。,規定訂得太死，最後反而作繭自縛，自己也不好做事。,你把話說得那麼滿，現在做不到，不就作繭自縛了嗎？,語本《景德傳燈錄・卷二九・誌公和尚・十四科頌・善惡不二》：「聲聞執法坐禪，如蠶吐絲自縛。」,自食其果、自作自受、玩火自焚,未雨綢繆、明哲保身,「縛」教育部標的讀音是ㄈㄨˊ，不是ㄈㄨˋ。這個詞是說「自己害到自己」，帶有責備或惋惜的意思，不能用來形容單純的辛苦忙碌。
